Workbook

Sheet TC
A1: Tasas de cambio para monedas disponibles
A2: 1.2. Serie para un rango de fechas dado_periodicidad diaria
A4: Información diaria disponible desde 1996 para otras monedas y desde 1998 para países vecinos.
A6: Nota: A partir del 4 octubre de 2021 se publica la nueva expresión de la unidad del sistema monetario nacional de la República Bolivariana de Venezuela (Bolívar Digital), de conformidad con lo establecido en el Decreto N° 4.553, publicado en la Gaceta Oficial de la República Bolivariana de Venezuela N° 42.185 de fecha 06 de agosto de 2021. Esta información de tasa de cambio de Venezuela es tomada del Banco Central de Venezuela y únicamente se publica la tasa expresada en bolívares por dólar americano.
A8: Tipo de cambio | B8: Pesos colombianos por cada moneda | C8: Tipo de tasa | D8: Media | O8: Tipo de cambio | P8: Pesos colombianos por cada moneda | Q8: Tipo de tasa | R8: Compra | T8: Tipo de cambio | U8: Pesos colombianos por cada moneda | V8: Tipo de tasa | W8: Venta
B9: Tasa | P9: Tasa | U9: Tasa
B10: AUD | C10: BRL | D10: CAD | E10: CLP | F10: EUR | G10: GBP | H10: INR | I10: MXN | J10: NOK | K10: PEN | L10: USD | M10: ZAR | P10: BRL | Q10: PEN | U10: BRL | V10: PEN
A11: Fecha (dd/mm/aaaa) | B11: Dólar australiano | C11: Real brasileño | D11: Dólar canadiense | E11: Peso chileno | F11: Euro | G11: Libra esterlina | H11: Rupia india | I11: Peso mexicano | J11: Corona noruega | K11: Sol peruano | L11: Dólar estadounidense | M11: Rand sudafricano | O11: Fecha (dd/mm/aaaa) | P11: Real brasileño | Q11: Sol peruano | T11: Fecha (dd/mm/aaaa) | U11: Real brasileño | V11: Sol peruano
A12: 44197 | B12: 2648.6886 | C12: =+AVERAGE(P12,U12) -> 660.55345 | D12: 2694.27 | E12: 4.8311 | F12: 4199.8354 | G12: 4692.0559 | H12: 46.97711 | I12: 172.26669 | J12: 400.90166 | K12: =+AVERAGE(Q12,V12) -> 948.59793 | L12: 3432.5 | M12: 233.68223 | O12: 44197 | P12: 660.51532 | Q12: 947.94255 | T12: 44197 | U12: 660.59159 | V12: 949.25331
A13: 44198 | B13: 2648.6886 | C13: =+AVERAGE(P13,U13) -> 660.55345 | D13: 2694.27 | E13: 4.8311 | F13: 4199.8354 | G13: 4692.0559 | H13: 46.97711 | I13: 172.26669 | J13: 400.90166 | K13: =+AVERAGE(Q13,V13) -> 948.59793 | L13: 3432.5 | M13: 233.68223 | O13: 44198 | P13: 660.51532 | Q13: 947.94255 | T13: 44198 | U13: 660.59159 | V13: 949.25331
A14: 44199 | B14: 2648.6886 | C14: =+AVERAGE(P14,U14) -> 660.55345 | D14: 2694.27 | E14: 4.8311 | F14: 4199.8354 | G14: 4692.0559 | H14: 46.97711 | I14: 172.26669 | J14: 400.90166 | K14: =+AVERAGE(Q14,V14) -> 948.59793 | L14: 3432.5 | M14: 233.68223 | O14: 44199 | P14: 660.51532 | Q14: 947.94255 | T14: 44199 | U14: 660.59159 | V14: 949.25331
A15: 44200 | B15: 2637.0181 | C15: =+AVERAGE(P15,U15) -> 660.55345 | D15: 2693.8471 | E15: 4.886359 | F15: 4212.364 | G15: 4661.1634 | H15: 47.00847 | I15: 172.82831 | J15: 402.23116 | K15: =+AVERAGE(Q15,V15) -> 947.9432 | L15: 3432.5 | M15: 234.2204 | O15: 44200 | P15: 660.51532 | Q15: 947.15783 | T15: 44200 | U15: 660.59159 | V15: 948.72857
A16: 44201 | B16: 2643.9209 | C16: =+AVERAGE(P16,U16) -> 662.64649 | D16: 2685.9139 | E16: 4.889269 | F16: 4199.5206 | G16: 4650.5504 | H16: 46.74633 | I16: 171.74745 | J16: 401.74283 | K16: =+AVERAGE(Q16,V16) -> 943.40349 | L16: 3420.78 | M16: 228.01399 | O16: 44201 | P16: 662.60798 | Q16: 942.88313 | T16: 44201 | U16: 662.685 | V16: 943.92384
A17: 44202 | B17: 2681.7426 | C17: =+AVERAGE(P17,U17) -> 647.83163 | D17: 2717.3321 | E17: 4.941589 | F17: 4237.8538 | G17: 4676.0978 | H17: 47.19848 | I17: 174.64584 | J17: 408.76343 | K17: =+AVERAGE(Q17,V17) -> 950.87932 | L17: 3450.74 | M17: 228.60152 | O17: 44202 | P17: 647.79515 | Q17: 950.35527 | T17: 44202 | U17: 647.86812 | V17: 951.40336
A18: 44203 | B18: 2656.2168 | C18: =+AVERAGE(P18,U18) -> 644.62287 | D18: 2694.6822 | E18: 4.839189 | F18: 4202.6056 | G18: 4642.5946 | H18: 46.758069 | I18: 172.04933 | J18: 405.81727 | K18: =+AVERAGE(Q18,V18) -> 945.01491 | L18: 3428.04 | M18: 222.71714 | O18: 44203 | P18: 644.58651 | Q18: 944.36363 | T18: 44203 | U18: 644.65924 | V18: 945.6662
A19: 44204 | B19: 2691.9243 | C19: =+AVERAGE(P19,U19) -> 647.4621 | D19: 2726.1831 | E19: 4.857699 | F19: 4239.8284 | G19: 4702.3488 | H19: 47.227969 | I19: 173.48561 | J19: 411.54553 | K19: =+AVERAGE(Q19,V19) -> 955.23694 | L19: 3459.39 | M19: 226.45544 | O19: 44204 | P19: 647.42574 | Q19: 954.84129 | T19: 44204 | U19: 647.49845 | V19: 955.63259
A20: 44205 | B20: 2706.4913 | C20: =+AVERAGE(P20,U20) -> 650.96575 | D20: 2740.9354 | E20: 4.883989 | F20: 4262.7716 | G20: 4727.7949 | H20: 47.483539 | I20: 174.42441 | J20: 413.77255 | K20: =+AVERAGE(Q20,V20) -> 960.40607 | L20: 3478.11 | M20: 227.68087 | O20: 44205 | P20: 650.9292 | Q20: 960.00828 | T20: 44205 | U20: 651.0023 | V20: 960.80386
A21: 44206 | B21: 2706.4913 | C21: =+AVERAGE(P21,U21) -> 650.96575 | D21: 2740.9354 | E21: 4.883989 | F21: 4262.7716 | G21: 4727.7949 | H21: 47.483539 | I21: 174.42441 | J21: 413.77255 | K21: =+AVERAGE(Q21,V21) -> 960.40607 | L21: 3478.11 | M21: 227.68087 | O21: 44206 | P21: 650.9292 | Q21: 960.00828 | T21: 44206 | U21: 651.0023 | V21: 960.80386
A22: 44207 | B22: 2675.5361 | C22: =+AVERAGE(P22,U22) -> 650.96575 | D22: 2716.6367 | E22: 4.834559 | F22: 4226.0775 | G22: 4691.4487 | H22: 47.39215 | I22: 172.9134 | J22: 407.08692 | K22: =+AVERAGE(Q22,V22) -> 960.40607 | L22: 3478.11 | M22: 224.06893 | O22: 44207 | P22: 650.9292 | Q22: 960.00828 | T22: 44207 | U22: 651.0023 | V22: 960.80386
A23: 44208 | B23: 2687.3617 | C23: =+AVERAGE(P23,U23) -> 647.93405 | D23: 2724.4037 | E23: 4.790379 | F23: 4228.86 | G23: 4738.0553 | H23: 47.482729 | I23: 174.38505 | J23: 407.9368 | K23: =+AVERAGE(Q23,V23) -> 962.79908 | L23: 3478.11 | M23: 226.34735 | O23: 44208 | P23: 647.89784 | Q23: 962.13278 | T23: 44208 | U23: 647.97026 | V23: 963.46537
... A1106: 45291 | B1106: 2607.9758 | C1106: =+AVERAGE(P1106,U1106) -> 789.51662 | D1106: 2898.5667 | E1106: 4.376629 | F1106: 4222.0275 | G1106: 4872.3493 | H1106: 45.930509 | I1106: 225.69606 | J1106: 376.3453 | K1106: =+AVERAGE(Q1106,V1106) -> 1032.9884 | L1106: 3822.05 | M1106: 208.99794 | O1106: 45291 | P1106: 789.4677 | Q1106: 1031.5924 | T1106: 45291 | U1106: 789.56555 | V1106: 1034.3843
A1108: Fuente: a partir del 1 de septiembre de 2016 la tasa de cambio DICOM del Bolívar Fuerte Venezolano (VEF) publicada por el Banco de la República es tomada directamente de la página del Banco Central de Venezuela ( http://www.bcv.org.ve). A partir del 8 de septiembre de 2016 el Banco de la República también publica y toma las tasas de cambio DIPRO, sol peruano y real brasileño directamente de las páginas de los correspondientes banco centrales.
A1110: Las tasas VEF publicadas se refieren a las tasas de las operaciones de divisas con tipo de cambio complementario flotante de mercado DICOM(Ver artículo 17 del "Convenio cambiario 35 del 9 de marzo de 2016") y al tipo de cambio protegido DIPRO (Ver artículo 1 del "Convenio cambiario 35 del 9 de marzo de 2016"). Los datos corresponden a las tasas de la fecha de operación del día hábil inmediatamente anterior producidas por el Banco Central de Venezuela. La tasa de cambio del Sol (Perú) se refiere a la tasa de cambio del sistema bancario SBS (S /US$) y es tomada de la página del Banco Central de reserva del Perú ( www.bcrp.gob.pe/). La tasa de cambio del Real (Brasil) se refiere a la tasa de cambio PTAX publicada por el Banco central do Brasil y es tomada de la página ( http://www.bcb.gov.br/en/#!/home ).
A1112: Los datos para las tasas de cambio de Perú (PEN) y Brasil (BRL) corresponden a las tasas del día hábil inmediatamente anterior. Las tasas de cambio de Panamá y Ecuador corresponden a las suministradas por WM/Reuters FX Benchmarks.
A1114: Hasta el 31 de agosto de 2016 todas las tasas de países vecinos corresponden a las suministradas por WM/Reuters FX Benchmarks.
A1116: Nota: Los días 30 de septiembre y 1 de octubre de 2021 han sido declarados días festivos bancarios en Venezuela para preparar la re-denominación de la moneda. La nueva expresión monetaria, la cual suprime seis (6) ceros a la moneda, entrará en vigencia a partir del lunes 4 de octubre y no habrá cambio en el respectivo código ISO. Fuente: Refinitiv
A1118: Nota de exclusión de responsabilidad: "WM/Reuters FX Benchmarks" no se hace responsables por los errores o demoras para proveer la información o cualquier actuación relacionada con ésta, salvo que éstas sean causadas directamente por negligencia de sus empleados.
A1120: Banco de la República - Gerencia Técnica - información extraída de la bodega de datos -Serankua- el 15/02/2024 12:24:42

Sheet PM20días
B1: AUD | C1: BRL | D1: CAD | E1: CLP | F1: EUR | G1: GBP | H1: INR | I1: MXN | J1: NOK | K1: PEN | L1: USD | M1: ZAR
A2: Periodo | B2: Dólar australiano | C2: Real brasileño | D2: Dólar canadiense | E2: Peso chileno | F2: Euro | G2: Libra esterlina | H2: Rupia india | I2: Peso mexicano | J2: Corona noruega | K2: Sol peruano | L2: Dólar estadounidense | M2: Rand sudafricano
A3: =TEXT(TC!A12,"dd/mm/yyyy")&" al "&TEXT(TC!A31,"dd/mm/yyyy") -> 01/01/2021 al 20/01/2021 | B3: =+AVERAGE(TC!B12:B31) -> 2673.9031 | C3: =+AVERAGE(TC!C12:C31) -> 654.44613 | D3: =+AVERAGE(TC!D12:D31) -> 2718.1859 | E3: =+AVERAGE(TC!E12:E31) -> 4.8077514 | F3: =+AVERAGE(TC!F12:F31) -> 4216.0044 | G3: =+AVERAGE(TC!G12:G31) -> 4705.5302 | H3: =+AVERAGE(TC!H12:H31) -> 47.287504 | I3: =+AVERAGE(TC!I12:I31) -> 174.26115 | ... M3: =+AVERAGE(TC!M12:M31) -> 229.15247
A4: =TEXT(TC!A13,"dd/mm/yyyy")&" al "&TEXT(TC!A32,"dd/mm/yyyy") -> 02/01/2021 al 21/01/2021 | B4: =+AVERAGE(TC!B13:B32) -> 2676.4405 | C4: =+AVERAGE(TC!C13:C32) -> 654.19415 | D4: =+AVERAGE(TC!D13:D32) -> 2721.1978 | E4: =+AVERAGE(TC!E13:E32) -> 4.8086759 | F4: =+AVERAGE(TC!F13:F32) -> 4217.1999 | G4: =+AVERAGE(TC!G13:G32) -> 4709.4983 | H4: =+AVERAGE(TC!H13:H32) -> 47.319764 | I4: =+AVERAGE(TC!I13:I32) -> 174.47758 | ... M4: =+AVERAGE(TC!M13:M32) -> 229.19738
A5: =TEXT(TC!A14,"dd/mm/yyyy")&" al "&TEXT(TC!A33,"dd/mm/yyyy") -> 03/01/2021 al 22/01/2021 | B5: =+AVERAGE(TC!B14:B33) -> 2678.2542 | C5: =+AVERAGE(TC!C14:C33) -> 653.8723 | D5: =+AVERAGE(TC!D14:D33) -> 2723.21 | E5: =+AVERAGE(TC!E14:E33) -> 4.8063398 | F5: =+AVERAGE(TC!F14:F33) -> 4218.8563 | G5: =+AVERAGE(TC!G14:G33) -> 4712.6074 | H5: =+AVERAGE(TC!H14:H33) -> 47.353641 | I5: =+AVERAGE(TC!I14:I33) -> 174.5612 | ... M5: =+AVERAGE(TC!M14:M33) -> 229.04816
A6: =TEXT(TC!A15,"dd/mm/yyyy")&" al "&TEXT(TC!A34,"dd/mm/yyyy") -> 04/01/2021 al 23/01/2021 | B6: =+AVERAGE(TC!B15:B34) -> 2681.912 | C6: =+AVERAGE(TC!C15:C34) -> 653.99974 | D6: =+AVERAGE(TC!D15:D34) -> 2727.1003 | E6: =+AVERAGE(TC!E15:E34) -> 4.8072898 | F6: =+AVERAGE(TC!F15:F34) -> 4223.42 | G6: =+AVERAGE(TC!G15:G34) -> 4718.9818 | H6: =+AVERAGE(TC!H15:H34) -> 47.42025 | I6: =+AVERAGE(TC!I15:I34) -> 174.7643 | ... M6: =+AVERAGE(TC!M15:M34) -> 229.05739
A7: =TEXT(TC!A16,"dd/mm/yyyy")&" al "&TEXT(TC!A35,"dd/mm/yyyy") -> 05/01/2021 al 24/01/2021 | B7: =+AVERAGE(TC!B16:B35) -> 2686.1534 | C7: =+AVERAGE(TC!C16:C35) -> 654.12717 | D7: =+AVERAGE(TC!D16:D35) -> 2731.0118 | E7: =+AVERAGE(TC!E16:E35) -> 4.8054768 | F7: =+AVERAGE(TC!F16:F35) -> 4227.3574 | G7: =+AVERAGE(TC!G16:G35) -> 4726.9009 | H7: =+AVERAGE(TC!H16:H35) -> 47.485291 | I7: =+AVERAGE(TC!I16:I35) -> 174.93932 | ... M7: =+AVERAGE(TC!M16:M35) -> 229.03971
A8: =TEXT(TC!A17,"dd/mm/yyyy")&" al "&TEXT(TC!A36,"dd/mm/yyyy") -> 06/01/2021 al 25/01/2021 | B8: =+AVERAGE(TC!B17:B36) -> 2689.7764 | C8: =+AVERAGE(TC!C17:C36) -> 653.45691 | D8: =+AVERAGE(TC!D17:D36) -> 2734.9937 | E8: =+AVERAGE(TC!E17:E36) -> 4.8013968 | F8: =+AVERAGE(TC!F17:F36) -> 4231.1877 | G8: =+AVERAGE(TC!G17:G36) -> 4735.3419 | H8: =+AVERAGE(TC!H17:H36) -> 47.564515 | I8: =+AVERAGE(TC!I17:I36) -> 175.08386 | ... M8: =+AVERAGE(TC!M17:M36) -> 229.21999
A9: =TEXT(TC!A18,"dd/mm/yyyy")&" al "&TEXT(TC!A37,"dd/mm/yyyy") -> 07/01/2021 al 26/01/2021 | B9: =+AVERAGE(TC!B18:B37) -> 2694.445 | C9: =+AVERAGE(TC!C18:C37) -> 653.5845 | D9: =+AVERAGE(TC!D18:D37) -> 2740.1003 | E9: =+AVERAGE(TC!E18:E37) -> 4.7985153 | F9: =+AVERAGE(TC!F18:F37) -> 4237.222 | G9: =+AVERAGE(TC!G18:G37) -> 4747.6844 | H9: =+AVERAGE(TC!H18:H37) -> 47.660314 | I9: =+AVERAGE(TC!I18:I37) -> 175.29842 | ... M9: =+AVERAGE(TC!M18:M37) -> 229.67384
A10: =TEXT(TC!A19,"dd/mm/yyyy")&" al "&TEXT(TC!A38,"dd/mm/yyyy") -> 08/01/2021 al 27/01/2021 | B10: =+AVERAGE(TC!B19:B38) -> 2699.6547 | C10: =+AVERAGE(TC!C19:C38) -> 654.693 | D10: =+AVERAGE(TC!D19:D38) -> 2745.9329 | E10: =+AVERAGE(TC!E19:E38) -> 4.7998578 | F10: =+AVERAGE(TC!F19:F38) -> 4244.2147 | G10: =+AVERAGE(TC!G19:G38) -> 4761.6249 | H10: =+AVERAGE(TC!H19:H38) -> 47.784943 | I10: =+AVERAGE(TC!I19:I38) -> 175.59347 | ... M10: =+AVERAGE(TC!M19:M38) -> 230.34429
A11: =TEXT(TC!A20,"dd/mm/yyyy")&" al "&TEXT(TC!A39,"dd/mm/yyyy") -> 09/01/2021 al 28/01/2021 | B11: =+AVERAGE(TC!B20:B39) -> 2704.5249 | C11: =+AVERAGE(TC!C20:C39) -> 656.10699 | D11: =+AVERAGE(TC!D20:D39) -> 2751.6351 | E11: =+AVERAGE(TC!E20:E39) -> 4.8023383 | F11: =+AVERAGE(TC!F20:F39) -> 4252.6654 | G11: =+AVERAGE(TC!G20:G39) -> 4775.9995 | H11: =+AVERAGE(TC!H20:H39) -> 47.912958 | I11: =+AVERAGE(TC!I20:I39) -> 175.85926 | ... M11: =+AVERAGE(TC!M20:M39) -> 231.02948
A12: =TEXT(TC!A21,"dd/mm/yyyy")&" al "&TEXT(TC!A40,"dd/mm/yyyy") -> 10/01/2021 al 29/01/2021 | B12: =+AVERAGE(TC!B21:B40) -> 2706.7468 | C12: =+AVERAGE(TC!C21:C40) -> 656.58658 | D12: =+AVERAGE(TC!D21:D40) -> 2754.9241 | E12: =+AVERAGE(TC!E21:E40) -> 4.8029518 | F12: =+AVERAGE(TC!F21:F40) -> 4257.3244 | G12: =+AVERAGE(TC!G21:G40) -> 4785.7861 | H12: =+AVERAGE(TC!H21:H40) -> 47.995908 | I12: =+AVERAGE(TC!I21:I40) -> 176.00257 | ... M12: =+AVERAGE(TC!M21:M40) -> 231.55522
A13: =TEXT(TC!A22,"dd/mm/yyyy")&" al "&TEXT(TC!A41,"dd/mm/yyyy") -> 11/01/2021 al 30/01/2021 | B13: =+AVERAGE(TC!B22:B41) -> 2707.972 | C13: =+AVERAGE(TC!C22:C41) -> 656.82684 | D13: =+AVERAGE(TC!D22:D41) -> 2757.1963 | E13: =+AVERAGE(TC!E22:E41) -> 4.8017918 | F13: =+AVERAGE(TC!F22:F41) -> 4260.4052 | G13: =+AVERAGE(TC!G22:G41) -> 4793.7888 | H13: =+AVERAGE(TC!H22:H41) -> 48.061054 | I13: =+AVERAGE(TC!I22:I41) -> 176.08166 | ... M13: =+AVERAGE(TC!M22:M41) -> 231.99466
A14: =TEXT(TC!A23,"dd/mm/yyyy")&" al "&TEXT(TC!A42,"dd/mm/yyyy") -> 12/01/2021 al 31/01/2021 | B14: =+AVERAGE(TC!B23:B42) -> 2710.745 | C14: =+AVERAGE(TC!C23:C42) -> 657.06711 | D14: =+AVERAGE(TC!D23:D42) -> 2760.6835 | E14: =+AVERAGE(TC!E23:E42) -> 4.8031033 | F14: =+AVERAGE(TC!F23:F42) -> 4265.3207 | G14: =+AVERAGE(TC!G23:G42) -> 4803.6089 | H14: =+AVERAGE(TC!H23:H42) -> 48.130769 | I14: =+AVERAGE(TC!I23:I42) -> 176.2363 | ... M14: =+AVERAGE(TC!M23:M42) -> 232.61469
... A1078: =TEXT(TC!A1087,"dd/mm/yyyy")&" al "&TEXT(TC!A1106,"dd/mm/yyyy") -> 12/12/2023 al 31/12/2023 | B1078: =+AVERAGE(TC!B1087:B1106) -> 2649.9332 | C1078: =+AVERAGE(TC!C1087:C1106) -> 802.40379 | D1078: =+AVERAGE(TC!D1087:D1106) -> 2943.6916 | E1078: =+AVERAGE(TC!E1087:E1106) -> 4.4646646 | F1078: =+AVERAGE(TC!F1087:F1106) -> 4303.6016 | G1078: =+AVERAGE(TC!G1087:G1106) -> 4978.1648 | H1078: =+AVERAGE(TC!H1087:H1106) -> 47.117647 | I1078: =+AVERAGE(TC!I1087:I1106) -> 229.5876 | ... M1078: =+AVERAGE(TC!M1087:M1106) -> 212.33815

Sheet VariaciónTC
B1: AUD | C1: BRL | D1: CAD | E1: CLP | F1: EUR | G1: GBP | H1: INR | I1: MXN | J1: NOK | K1: PEN | L1: USD | M1: ZAR
A2: Periodo de referencia | B2: Dólar australiano | C2: Real brasileño | D2: Dólar canadiense | E2: Peso chileno | F2: Euro | G2: Libra esterlina | H2: Rupia india | I2: Peso mexicano | J2: Corona noruega | K2: Sol peruano | L2: Dólar estadounidense | M2: Rand sudafricano
A3: Inicial (31/12/2021) | B3: =+AVERAGE(PM20días!B3:B348) -> 2811.3864 | C3: =+AVERAGE(PM20días!C3:C348) -> 696.29379 | D3: =+AVERAGE(PM20días!D3:D348) -> 2989.8405 | E3: =+AVERAGE(PM20días!E3:E348) -> 4.9436134 | F3: =+AVERAGE(PM20días!F3:F348) -> 4427.8699 | G3: =+AVERAGE(PM20días!G3:G348) -> 5154.309 | H3: =+AVERAGE(PM20días!H3:H348) -> 50.652522 | I3: =+AVERAGE(PM20días!I3:I348) -> 184.60873 | ... M3: =+AVERAGE(PM20días!M3:M348) -> 254.04922
A4: Final (31/12/2023) | B4: =+AVERAGE(PM20días!B349:B1078) -> 2914.5175 | C4: =+AVERAGE(PM20días!C349:C1078) -> 842.86952 | D4: =+AVERAGE(PM20días!D349:D1078) -> 3236.7256 | E4: =+AVERAGE(PM20días!E349:E1078) -> 5.0257325 | F4: =+AVERAGE(PM20días!F349:F1078) -> 4576.401 | G4: =+AVERAGE(PM20días!G349:G1078) -> 5312.4925 | H4: =+AVERAGE(PM20días!H349:H1078) -> 53.30004 | I4: =+AVERAGE(PM20días!I349:I1078) -> 227.2283 | ... M4: =+AVERAGE(PM20días!M349:M1078) -> 247.82295
A5: Variación porcentual | B5: =VALUE(FIXED(B4/B3-1,4,)) -> 0.0367 | C5: =VALUE(FIXED(C4/C3-1,4,)) -> 0.2105 | D5: =VALUE(FIXED(D4/D3-1,4,)) -> 0.0826 | E5: =VALUE(FIXED(E4/E3-1,4,)) -> 0.0166 | F5: =VALUE(FIXED(F4/F3-1,4,)) -> 0.0335 | G5: =VALUE(FIXED(G4/G3-1,4,)) -> 0.0307 | H5: =VALUE(FIXED(H4/H3-1,4,)) -> 0.0523 | I5: =VALUE(FIXED(I4/I3-1,4,)) -> 0.2309 | ... M5: =VALUE(FIXED(M4/M3-1,4,)) -> -0.0245
A6: Promedio simple de las variaciones porcentuales de las tasas de cambio (PVTC) | B6: =VALUE(FIXED(AVERAGE(B5:M5),4,)) -> 0.0807
